year,n,brier,brier_realtime_freq
2001,56,0.12780337301587302,0.04165604550709564
2002,82,0.16007127371273713,0.3126104458623503
2003,115,0.17951362318840575,0.15352059158924952
2004,191,0.12568394415357767,0.1354767106303534
2005,206,0.18576909385113263,0.18340897457057875
2006,189,0.18436519694297474,0.1870737648102311
2007,210,0.4185506349206349,0.38007289129095145
2008,46,0.1710956521739131,0.33388371937857114
2009,263,0.12656899028305874,0.3181326478972152
2010,260,0.2801954700854699,0.25974226851181353
2011,140,0.23104650793650786,0.2516213660382512
2012,184,0.179622041062802,0.24079946070301655
2013,299,0.13127855815681905,0.48279751757908057
2014,324,0.08593172153635115,0.46437671641567874
2015,324,0.09198919753086421,0.41349611794999946
2016,324,0.12309931412894379,0.3203416835947687
2017,293,0.1207845278725825,0.23738855739921527
2018,284,0.13886408450704224,0.23291996993536893
2019,283,0.07948617981939538,0.2079337723601016
2020,290,0.27720153256704966,0.2723100719778278
2021,187,0.43153267973856224,0.3491368611821251
2023,54,0.1423059670781893,0.264312761282596
2024,192,0.1916855324074075,0.16825057095939847
2025,133,0.2532427736006683,0.2245440537323261
