period,bin,n,mean_p,frequency
holdout,0–20%,1560,0.07721581196581184,0.11987179487179488
holdout,20–40%,859,0.2898137369033761,0.22351571594877764
holdout,40–60%,570,0.4940643274853802,0.39649122807017545
holdout,60–80%,342,0.6864912280701757,0.6403508771929824
holdout,80–100%,175,0.8656380952380954,0.6457142857142857
recent,0–20%,519,0.0852023121387283,0.24470134874759153
recent,20–40%,276,0.29618357487922686,0.34057971014492755
recent,40–60%,281,0.5010083036773425,0.5622775800711743
recent,60–80%,211,0.6996998420221164,0.6350710900473934
recent,80–100%,136,0.870759803921568,0.9117647058823529
