choice,excess_now,S_crit_sum,economies_above,absorbed,dpi_m12,dpi_m24
Default (S_crit at the 90th percentile),744.9517824556253,2263.253181539194,6,27.3638664572236,-4.715337569694e-05,-0.00013306673065205388
S_crit at the 75th percentile,744.9517824556253,1016.7059066907634,13,76.17611032887933,-7.162377741076753e-05,-0.00021597013777396867
S_crit fixed at 5% of GDP,744.9517824556253,799.2644,13,76.16265602354545,-7.170377134713135e-05,-0.00021581940756498774
Accumulation from 2021 Q1,392.3965288384449,2261.3642793520053,1,0.78403157349494,-9.870639754439026e-07,-5.14107227123084e-06
Accumulation from 2022 Q1,274.29418380001414,2069.413872100355,1,0.7673841984589419,-8.871702834589712e-07,-4.96183154585772e-06
Floor 0.4,744.9517824556253,2263.253181539194,6,27.827364459917593,-4.726304825908301e-05,-0.00013381003880752473
Floor 0.8,744.9517824556253,2263.253181539194,6,25.192145270538436,-4.5935516996387094e-05,-0.00012612367060427232
Trigger 2.5%,744.9517824556253,2263.253181539194,6,30.75789747847108,-4.757326502913273e-05,-0.0001386784655548201
Trigger 3.5%,744.9517824556253,2263.253181539194,6,22.540683206103637,-4.329037425376825e-05,-0.00012206641815870611
