kappa,m,phi_sel,dpi_m12,dpi_m24,di_m24
0.03289582247450354,0.3,0.25,-7.936476551506644e-06,1.4310421435403953e-05,0
0.03289582247450354,0.3,0.5,-1.6845690054889673e-05,-3.172606030532599e-05,0
0.03289582247450354,0.3,1,-3.466411722419238e-05,-0.0001237977732757578,0
0.03289582247450354,0.6,0.25,-1.587295262384103e-05,2.8624015137479475e-05,0
0.03289582247450354,0.6,0.5,-3.3691379205169625e-05,-6.344343671882413e-05,0
0.03289582247450354,0.6,1,-6.932823304017788e-05,-0.00024757334014791077,0
0.03289582247450354,1,0.25,-2.645491997155247e-05,4.7713741354371564e-05,0
0.03289582247450354,1,0.5,-5.615229666666721e-05,-0.00010571976395090665,0
0.03289582247450354,1,1,-0.00011554705192962089,-0.0004125728913506599,0
0.11654324954321199,0.3,0.25,-2.8124997324852075e-05,8.875701573307637e-05,0
0.11654324954321199,0.3,0.5,-5.971915667757344e-05,-7.176848122236734e-05,0
0.11654324954321199,0.3,1,-0.0001229074775093153,-0.00039280304734656823,0
0.11654324954321199,0.6,0.25,-5.6249985951328796e-05,0.00017755221778337216,0
0.11654324954321199,0.6,0.5,-0.00011943829642335757,-0.0001434283931014413,0
0.11654324954321199,0.6,1,-0.00024581492582775866,-0.000785323991223219,0
0.11654324954321199,1,0.25,-9.374995726574298e-05,0.00029600521938699664,0
0.11654324954321199,1,0.5,-0.00019906378973910677,-0.00023880607667869924,0
0.11654324954321199,1,1,-0.00040969147814973184,-0.001308246704470717,0
0.20019067661192044,0.3,0.25,-4.8310658217864955e-05,0.00022187196148615307,0
0.20019067661192044,0.3,0.5,-0.00010263377393648909,-4.835508860145943e-05,0
0.20019067661192044,0.3,1,-0.000211280011624293,-0.0005887615984232486,0
0.20019067661192044,0.6,0.25,-9.66212798392263e-05,0.00044384706918476624,0
0.20019067661192044,0.6,0.5,-0.00020526747488736063,-9.640409697486696e-05,0
0.20019067661192044,0.6,1,-0.00042255988994632787,-0.0011767165127858359,0
0.20019067661192044,1,0.25,-0.00016103538507517,0.0007399743178369,0
0.20019067661192044,1,0.5,-0.00034211229590352943,-0.0001599934314606699,0
0.20019067661192044,1,1,-0.0007042661868026379,-0.0019594015623156658,0
0.25,0.3,0.25,-6.031933487449237e-05,0.00032962009586401386,0
0.25,0.3,0.5,-0.00012819774246652926,-3.1883274960176067e-06,0
0.25,0.3,1,-0.0002639545673992494,-0.000668732907978864,0
0.25,0.6,0.25,-0.00012063859952560207,0.0006593892411332902,0
0.25,0.6,0.5,-0.0002563953434115973,-5.92122351905644e-06,0
0.25,0.6,1,-0.0005279088701635182,-0.0013362539307344434,0
0.25,1,0.25,-0.00020106417645182617,0.001099313269307567,0
0.25,1,0.5,-0.00042732525775290853,-8.856858860983863e-06,0
0.25,1,1,-0.0008798475283060547,-0.002224399609647598,0
