economy,gdp,pi,x0,excess_deposits,idle,S_crit,rho,p_breach,state,accounts_to
Finland,281.783,2.65,-2.1072121795162277,30.09770114507797,17.316606660721593,39.89582616551285,0.7544072660687329,0.44666666666666666,Watch,2026-Q1
Ireland,602.441,3.85,1.8406338876943475,93.2361875901484,0,85.29571127774823,1.0930935001707602,1,Active,2026-Q1
Estonia,41.8748,3.07,-4.140748970381994,0.7018568606031445,0,5.928781159671157,0.11838130666338734,1,Armed,2026-Q1
Netherlands,1170.579,3.05,0.4372969452219503,182.80851296834092,33.28375755042708,165.73468341596146,1.1030190494860241,1,Active,2026-Q1
Germany,4529.71,3.35,-1.6272809278821367,57.114230514751625,0,641.3322405545588,0.08905560472893903,1,Armed,2026-Q1
Latvia,43.026199999999996,2.97,-2.762733319958418,3.9278132682389773,0.5087854658792148,6.091800412951061,0.64477051150404,0.54,Watch,2026-Q1
Belgium,642.015,4.65,1.0777729491622665,13.364344608791152,0,90.89873709787933,0.1470245356038389,1,Armed,2026-Q1
Luxembourg,89.5215,5.26,-3.809272626792931,0,0,12.674768180039104,0,1,Armed,2026-Q1
Slovakia,136.754,3.16,-1.002057365115414,12.459639712001437,0,19.362111310613287,0.6435062536373148,1,Armed,2026-Q1
Lithuania,85.1122,6.16,1.0859601142381967,5.793019473813216,2.7934726438628146,12.050484009909622,0.4807291946986836,1,Armed,2026-Q1
France,2991.06,3.45,-0.27334352792307914,0,0,423.48477307225374,0,1,Armed,2026-Q1
Austria,518.196,3.55,-3.5379940785625834,4.447719160817165,0,73.36800848760961,0.06062205111602962,1,Armed,2026-Q1
Portugal,308.538,3.64,1.905870080153084,39.345510479497406,6.24862937936782,43.6838929724469,0.9006869077422684,1,Armed,2026-Q1
Spain,1690.012,5.05,1.0909191073641251,201.1154834481059,0,239.277830705297,0.8405103091050955,1,Armed,2026-Q1
Italy,2265,4.16,-0.053392172228344914,1.5995461601870402,0,320.6866498862125,0.004987878855432861,1,Armed,2026-Q1
Slovenia,71.1707,3.76,1.153945098999619,15.400248286505255,1.583188773599549,10.076597506868284,1.5283182915670028,1,Active,2026-Q1
Croatia,92.97510000000001,4.37,3.822689559942688,14.695970139328189,3.2021389267617577,13.16374098977289,1.1163976980970463,1,Active,2026-Q1
Bulgaria,116.018,5.66,0.2372704561073481,14.183992986626958,12.852452019789947,16.426235649668257,0.8634962561804851,1,Armed,2026-Q1
Malta,24.664,2.44,-0.14659171226040169,0.6122353173459729,0.4859121147659888,3.4920156877675694,0.1753243318724528,0.7,Watch,2026-Q1
Greece,248.354,5.15,1.6867766167303915,44.72731352678905,57.68499961054083,35.16283101361608,1.2720054738900097,1,Active,2026-Q1
Cyprus,36.4835,5.25,2.878910716786784,9.320456808655413,5.804350178098604,5.165461982836041,1.8043800999069821,1,Active,2026-Q1
