regime,dpi_m12,dpi_m24,S_m24_with,S_m24_without,absorbed,premium,loss_with,loss_without
Defaults,-0.0002467793632896509,-0.0007878723521290709,1604.1329192082817,1730.0691299360033,205.71913431904775,2.1457737447203793,2.887696300883818,2.8761924938230647
Faster absorption k_A × 3,-0.00024907891414516214,-0.0008014011450796499,1594.7995775844017,1730.0691299360033,217.704896979101,2.2174570763362467,2.8881334578486344,2.8761924938230647
Cap 3% of GDP,-0.0007371188719034194,-0.002405797951657629,1437.3366798302836,1730.0691299360033,525.721228256953,5.770743266867801,2.9091203029099235,2.8761924938230647
Premium 2%,-0.0002960390700743609,-0.0009853674433091264,1606.6201406523414,1730.0691299360033,205.8326099086752,4.318305715401522,2.90148005857349,2.8761924938230647
Credit maturity 12 months,-0.0002103297376772062,-0.0005997753507311909,1671.2706527787477,1730.0691299360033,206.7055939326399,1.4758147034209006,2.883769287973739,2.8761924938230647
Release at the trigger instead of the target,-0.00024104119572498917,0.0003108448026982735,1596.3962442078114,1730.0691299360033,205.7051717944083,2.1147924922316257,2.886744934682429,2.8761924938230647
Government spending rate 0.1,-0.0004482560810843417,-0.0017703403990636524,1532.7963347530924,1648.3538827783113,204.52994717318757,2.1387554051692037,2.888013419412179,2.875078001965635
Government spending rate 0.2,-0.0006339495172711374,-0.002589056672531731,1474.2373008723703,1581.3555522451372,203.3789646374147,2.1318913720188064,2.888315224602079,2.874161307121524
Policy-stance channel on,-0.0002467793632896509,-0.0007878723521290709,1604.1329192082817,1730.0691299360033,205.71913431904775,2.1457737447203793,2.887696300883818,2.8761924938230647
Feedback on (γ = 0.5),-0.00024685528333234785,-0.0007880050738966471,1604.1250620334738,1730.0691299360033,205.7367103594912,2.146032602427183,2.8876974857334132,2.8761924938230647
Step switch with hysteresis,-0.0002467799045065,-0.0007879190228139432,1604.0949416047463,1730.0691299360033,205.768046186441,2.14607031678822,2.8876981555735606,2.8761924938230647
Taylor rule instead of market path,-0.00024462366313660056,-0.0006734863923274492,1610.428076835497,1730.0691299360033,196.9154688310214,2.0922289662729296,3.2198459297264286,3.2069401137543405
"Upper-bound behaviour (κ + 2 s.e., m = 1, φ_sel = 1)",-0.0007042661868026379,-0.0019594015623156658,1613.062087027105,1730.0691299360033,193.26634281643604,2.0681283763005758,2.7668514955519514,2.7551241083467173
Crisis multiplier m = 1.5,-0.0006169481868383286,-0.0019675470787714477,1604.2164240115949,1730.0691299360033,205.60472755643053,2.145107346668892,2.8893611401148287,2.8761924938230647
Neutral real rate 0%,-0.0002467768191536379,-0.0007690416160719415,1605.8752097182037,1730.0691299360033,203.3174201511744,2.1315761101234187,2.9344412987869437,2.92260116113423
