scenario,months,lambda_S,kA,cap,floor,trigger,premium,loss_opt,loss_default,loss_none,at_bound
"EU, December 2021",24,0,1,3,0,2,0,2.8588305902032434,2.8739572974505636,2.859472440215733,kA capPct floorPct piTh rP
"EU, December 2021",24,0.03,1,3,0.7280831615724366,2,0,2.861003308451153,2.8772168531217424,2.8636206522982985,kA capPct piTh rP
"EU, December 2021",24,0.1,1,3,0.2866089856915093,2,0,2.866072984362952,2.88482248302117,2.873299813824272,kA capPct piTh rP
"EU, December 2021",24,0.3,1,3,0,2,0,2.880557772682367,2.9065528541623973,2.9009545610413765,kA capPct floorPct piTh rP
"EU, December 2021",24,1,1,3,0.44600478788812814,2,0,2.93125453180033,2.9826091531566945,2.997746176301204,kA capPct piTh rP
"EU, December 2021",48,0,1,3,0,2,0,1.6101027391943246,1.6349203306691673,1.6114089202289716,kA capPct floorPct piTh rP
"EU, December 2021",48,0.03,1,3,0.4623234249623589,2,0,1.6111896638357825,1.6365509569055041,1.6134841059714728,kA capPct piTh rP
"EU, December 2021",48,0.1,1,3,0.7280831615724366,2,0,1.6137258213325232,1.6403557514569616,1.6183262060373036,kA capPct piTh rP
"EU, December 2021",48,0.3,1,3,0.2866089856915093,2,0,1.6209719856089198,1.6512265930325574,1.632160777653981,kA capPct piTh rP
"EU, December 2021",48,1,1,3,0,2,0,1.6463335605763132,1.6892745385471433,1.6805817783123331,kA capPct floorPct piTh rP
"Euro area, live",24,0,1,3,0.12474673834479216,2,0.0969342617617252,1.8024076948488201,1.8047172543761292,1.803739218463589,kA capPct piTh
"Euro area, live",24,0.03,1,3,0.0023791562842102546,2,0.09393162654671683,1.802482273953358,1.8048296890602644,1.8038872044174026,kA capPct piTh
"Euro area, live",24,0.1,1,3,0,2,0.0952303967562857,1.8026557232776386,1.8050920366565733,1.804232504976304,kA capPct floorPct piTh
"Euro area, live",24,0.3,1,3,0,2,0.09750989497385879,1.8031519375836935,1.8058416012174585,1.8052190780017388,kA capPct floorPct piTh
"Euro area, live",24,1,1,3,0,2,0.09531484107180582,1.8048886301896598,1.8084650771805677,1.8086720835907606,kA capPct floorPct piTh
